image_path,filename
images/20201028/ok5.bmp,0-20201028-ok5
images/20201028/ok4.bmp,1-20201028-ok4
images/20201028/ok3.bmp,2-20201028-ok3
images/20201028/ok2.bmp,3-20201028-ok2
images/20201028/ok1.bmp,4-20201028-ok1
images/20201028/ng1.bmp,5-20201028-ng1
images/20201207/OK/44-s.bmp,6-OK-44-s
images/20201207/OK/79-s.bmp,7-OK-79-s
images/20201207/OK/26.bmp,8-OK-26
images/20201207/OK/32.bmp,9-OK-32
images/20201207/OK/27.bmp,10-OK-27
images/20201207/OK/18-s.bmp,11-OK-18-s
images/20201207/OK/6-s.bmp,12-OK-6-s
images/20201207/OK/25-s.bmp,13-OK-25-s
images/20201207/OK/60-s.bmp,14-OK-60-s
images/20201207/OK/27-s.bmp,15-OK-27-s
images/20201207/OK/62-s.bmp,16-OK-62-s
images/20201207/OK/4-s.bmp,17-OK-4-s
images/20201207/OK/19.bmp,18-OK-19
images/20201207/OK/31.bmp,19-OK-31
images/20201207/OK/25.bmp,20-OK-25
images/20201207/OK/30.bmp,21-OK-30
images/20201207/OK/46-s.bmp,22-OK-46-s
images/20201207/OK/82-s.bmp,23-OK-82-s
images/20201207/OK/42-s.bmp,24-OK-42-s
images/20201207/OK/34.bmp,25-OK-34
images/20201207/OK/23-s.bmp,26-OK-23-s
images/20201207/OK/35.bmp,27-OK-35
images/20201207/OK/66-s.bmp,28-OK-66-s
images/20201207/OK/2-s.bmp,29-OK-2-s
images/20201207/OK/59-s.bmp,30-OK-59-s
images/20201207/OK/21-s.bmp,31-OK-21-s
images/20201207/OK/64-s.bmp,32-OK-64-s
images/20201207/OK/37.bmp,33-OK-37
images/20201207/OK/36.bmp,34-OK-36
images/20201207/OK/40-s.bmp,35-OK-40-s
images/20201207/OK/22.bmp,36-OK-22
images/20201207/OK/80-s.bmp,37-OK-80-s
images/20201207/OK/5-s.bmp,38-OK-5-s
images/20201207/OK/63-s.bmp,39-OK-63-s
images/20201207/OK/26-s.bmp,40-OK-26-s
images/20201207/OK/79.bmp,41-OK-79
images/20201207/OK/45.bmp,42-OK-45
images/20201207/OK/51.bmp,43-OK-51
images/20201207/OK/3.bmp,44-OK-3
images/20201207/OK/50.bmp,45-OK-50
images/20201207/OK/2.bmp,46-OK-2
images/20201207/OK/44.bmp,47-OK-44
images/20201207/OK/45-s.bmp,48-OK-45-s
images/20201207/OK/52.bmp,49-OK-52
images/20201207/OK/46.bmp,50-OK-46
images/20201207/OK/61-s.bmp,51-OK-61-s
images/20201207/OK/1.bmp,52-OK-1
images/20201207/OK/24-s.bmp,53-OK-24-s
images/20201207/OK/53.bmp,54-OK-53
images/20201207/OK/7-s.bmp,55-OK-7-s
images/20201207/OK/65-s.bmp,56-OK-65-s
images/20201207/OK/20-s.bmp,57-OK-20-s
images/20201207/OK/58-s.bmp,58-OK-58-s
images/20201207/OK/80.bmp,59-OK-80
images/20201207/OK/3-s.bmp,60-OK-3-s
images/20201207/OK/57.bmp,61-OK-57
images/20201207/OK/5.bmp,62-OK-5
images/20201207/OK/43.bmp,63-OK-43
images/20201207/OK/81-s.bmp,64-OK-81-s
images/20201207/OK/42.bmp,65-OK-42
images/20201207/OK/4.bmp,66-OK-4
images/20201207/OK/81.bmp,67-OK-81
images/20201207/OK/39-s.bmp,68-OK-39-s
images/20201207/OK/43-s.bmp,69-OK-43-s
images/20201207/OK/83-s.bmp,70-OK-83-s
images/20201207/OK/83.bmp,71-OK-83
images/20201207/OK/40.bmp,72-OK-40
images/20201207/OK/6.bmp,73-OK-6
images/20201207/OK/54.bmp,74-OK-54
images/20201207/OK/69.bmp,75-OK-69
images/20201207/OK/7.bmp,76-OK-7
images/20201207/OK/55.bmp,77-OK-55
images/20201207/OK/82.bmp,78-OK-82
images/20201207/OK/1-s.bmp,79-OK-1-s
images/20201207/OK/67-s.bmp,80-OK-67-s
images/20201207/OK/13-s.bmp,81-OK-13-s
images/20201207/OK/58.bmp,82-OK-58
images/20201207/OK/64.bmp,83-OK-64
images/20201207/OK/70.bmp,84-OK-70
images/20201207/OK/71.bmp,85-OK-71
images/20201207/OK/65.bmp,86-OK-65
images/20201207/OK/37-s.bmp,87-OK-37-s
images/20201207/OK/72-s.bmp,88-OK-72-s
images/20201207/OK/59.bmp,89-OK-59
images/20201207/OK/35-s.bmp,90-OK-35-s
images/20201207/OK/70-s.bmp,91-OK-70-s
images/20201207/OK/9.bmp,92-OK-9
images/20201207/OK/73.bmp,93-OK-73
images/20201207/OK/67.bmp,94-OK-67
images/20201207/OK/66.bmp,95-OK-66
images/20201207/OK/72.bmp,96-OK-72
images/20201207/OK/11-s.bmp,97-OK-11-s
images/20201207/OK/54-s.bmp,98-OK-54-s
images/20201207/OK/8.bmp,99-OK-8
images/20201207/OK/69-s.bmp,100-OK-69-s
images/20201207/OK/15-s.bmp,101-OK-15-s
images/20201207/OK/50-s.bmp,102-OK-50-s
images/20201207/OK/28-s.bmp,103-OK-28-s
images/20201207/OK/76.bmp,104-OK-76
images/20201207/OK/62.bmp,105-OK-62
images/20201207/OK/63.bmp,106-OK-63
images/20201207/OK/77.bmp,107-OK-77
images/20201207/OK/49-s.bmp,108-OK-49-s
images/20201207/OK/31-s.bmp,109-OK-31-s
images/20201207/OK/74-s.bmp,110-OK-74-s
images/20201207/OK/76-s.bmp,111-OK-76-s
images/20201207/OK/61.bmp,112-OK-61
images/20201207/OK/75.bmp,113-OK-75
images/20201207/OK/49.bmp,114-OK-49
images/20201207/OK/48.bmp,115-OK-48
images/20201207/OK/74.bmp,116-OK-74
images/20201207/OK/60.bmp,117-OK-60
images/20201207/OK/9-s.bmp,118-OK-9-s
images/20201207/OK/17-s.bmp,119-OK-17-s
images/20201207/OK/52-s.bmp,120-OK-52-s
images/20201207/OK/71-s.bmp,121-OK-71-s
images/20201207/OK/34-s.bmp,122-OK-34-s
images/20201207/OK/13.bmp,123-OK-13
images/20201207/OK/12.bmp,124-OK-12
images/20201207/OK/55-s.bmp,125-OK-55-s
images/20201207/OK/10-s.bmp,126-OK-10-s
images/20201207/OK/57-s.bmp,127-OK-57-s
images/20201207/OK/12-s.bmp,128-OK-12-s
images/20201207/OK/10.bmp,129-OK-10
images/20201207/OK/11.bmp,130-OK-11
images/20201207/OK/39.bmp,131-OK-39
images/20201207/OK/73-s.bmp,132-OK-73-s
images/20201207/OK/36-s.bmp,133-OK-36-s
images/20201207/OK/77-s.bmp,134-OK-77-s
images/20201207/OK/32-s.bmp,135-OK-32-s
images/20201207/OK/15.bmp,136-OK-15
images/20201207/OK/29.bmp,137-OK-29
images/20201207/OK/53-s.bmp,138-OK-53-s
images/20201207/OK/16-s.bmp,139-OK-16-s
images/20201207/OK/28.bmp,140-OK-28
images/20201207/OK/14.bmp,141-OK-14
images/20201207/OK/8-s.bmp,142-OK-8-s
images/20201207/OK/29-s.bmp,143-OK-29-s
images/20201207/OK/51-s.bmp,144-OK-51-s
images/20201207/OK/14-s.bmp,145-OK-14-s
images/20201207/OK/16.bmp,146-OK-16
images/20201207/OK/75-s.bmp,147-OK-75-s
images/20201207/OK/30-s.bmp,148-OK-30-s
images/20201207/OK/48-s.bmp,149-OK-48-s
images/20201207/NG/4-s.bmp,150-NG-4-s
images/20201207/NG/3説明.bmp,151-NG-3説明
images/20201207/NG/5-s.bmp,152-NG-5-s
images/20201207/NG/3.bmp,153-NG-3
images/20201207/NG/2.bmp,154-NG-2
images/20201207/NG/1.bmp,155-NG-1
images/20201207/NG/6.bmp,156-NG-6
images/20201207/NG/7.bmp,157-NG-7
images/20201207/NG/9.bmp,158-NG-9
images/20201207/NG/12.bmp,159-NG-12
images/20201207/NG/12-s.bmp,160-NG-12-s
images/20201207/NG/10.bmp,161-NG-10
images/20201207/NG/11.bmp,162-NG-11
images/20201207/NG/8-s.bmp,163-NG-8-s
images/20210126/ok/26.bmp,164-ok-26
images/20210126/ok/32.bmp,165-ok-32
images/20210126/ok/33.bmp,166-ok-33
images/20210126/ok/27.bmp,167-ok-27
images/20210126/ok/19.bmp,168-ok-19
images/20210126/ok/31.bmp,169-ok-31
images/20210126/ok/25.bmp,170-ok-25
images/20210126/ok/24.bmp,171-ok-24
images/20210126/ok/30.bmp,172-ok-30
images/20210126/ok/18.bmp,173-ok-18
images/20210126/ok/34.bmp,174-ok-34
images/20210126/ok/20.bmp,175-ok-20
images/20210126/ok/21.bmp,176-ok-21
images/20210126/ok/35.bmp,177-ok-35
images/20210126/ok/23.bmp,178-ok-23
images/20210126/ok/37.bmp,179-ok-37
images/20210126/ok/36.bmp,180-ok-36
images/20210126/ok/22.bmp,181-ok-22
images/20210126/ok/86.bmp,182-ok-86
images/20210126/ok/92.bmp,183-ok-92
images/20210126/ok/45.bmp,184-ok-45
images/20210126/ok/51.bmp,185-ok-51
images/20210126/ok/3.bmp,186-ok-3
images/20210126/ok/50.bmp,187-ok-50
images/20210126/ok/2.bmp,188-ok-2
images/20210126/ok/44.bmp,189-ok-44
images/20210126/ok/78.bmp,190-ok-78
images/20210126/ok/93.bmp,191-ok-93
images/20210126/ok/87.bmp,192-ok-87
images/20210126/ok/91.bmp,193-ok-91
images/20210126/ok/85.bmp,194-ok-85
images/20210126/ok/52.bmp,195-ok-52
images/20210126/ok/46.bmp,196-ok-46
images/20210126/ok/47.bmp,197-ok-47
images/20210126/ok/1.bmp,198-ok-1
images/20210126/ok/53.bmp,199-ok-53
images/20210126/ok/84.bmp,200-ok-84
images/20210126/ok/90.bmp,201-ok-90
images/20210126/ok/94.bmp,202-ok-94
images/20210126/ok/80.bmp,203-ok-80
images/20210126/ok/57.bmp,204-ok-57
images/20210126/ok/5.bmp,205-ok-5
images/20210126/ok/43.bmp,206-ok-43
images/20210126/ok/42.bmp,207-ok-42
images/20210126/ok/56.bmp,208-ok-56
images/20210126/ok/4.bmp,209-ok-4
images/20210126/ok/81.bmp,210-ok-81
images/20210126/ok/95.bmp,211-ok-95
images/20210126/ok/83.bmp,212-ok-83
images/20210126/ok/97.bmp,213-ok-97
images/20210126/ok/40.bmp,214-ok-40
images/20210126/ok/6.bmp,215-ok-6
images/20210126/ok/54.bmp,216-ok-54
images/20210126/ok/68.bmp,217-ok-68
images/20210126/ok/69.bmp,218-ok-69
images/20210126/ok/7.bmp,219-ok-7
images/20210126/ok/55.bmp,220-ok-55
images/20210126/ok/41.bmp,221-ok-41
images/20210126/ok/96.bmp,222-ok-96
images/20210126/ok/82.bmp,223-ok-82
images/20210126/ok/58.bmp,224-ok-58
images/20210126/ok/64.bmp,225-ok-64
images/20210126/ok/70.bmp,226-ok-70
images/20210126/ok/71.bmp,227-ok-71
images/20210126/ok/65.bmp,228-ok-65
images/20210126/ok/59.bmp,229-ok-59
images/20210126/ok/98.bmp,230-ok-98
images/20210126/ok/9.bmp,231-ok-9
images/20210126/ok/73.bmp,232-ok-73
images/20210126/ok/67.bmp,233-ok-67
images/20210126/ok/66.bmp,234-ok-66
images/20210126/ok/72.bmp,235-ok-72
images/20210126/ok/8.bmp,236-ok-8
images/20210126/ok/99.bmp,237-ok-99
images/20210126/ok/89.bmp,238-ok-89
images/20210126/ok/76.bmp,239-ok-76
images/20210126/ok/62.bmp,240-ok-62
images/20210126/ok/63.bmp,241-ok-63
images/20210126/ok/77.bmp,242-ok-77
images/20210126/ok/88.bmp,243-ok-88
images/20210126/ok/61.bmp,244-ok-61
images/20210126/ok/75.bmp,245-ok-75
images/20210126/ok/49.bmp,246-ok-49
images/20210126/ok/48.bmp,247-ok-48
images/20210126/ok/74.bmp,248-ok-74
images/20210126/ok/60.bmp,249-ok-60
images/20210126/ok/13.bmp,250-ok-13
images/20210126/ok/12.bmp,251-ok-12
images/20210126/ok/38.bmp,252-ok-38
images/20210126/ok/10.bmp,253-ok-10
images/20210126/ok/11.bmp,254-ok-11
images/20210126/ok/39.bmp,255-ok-39
images/20210126/ok/100.bmp,256-ok-100
images/20210126/ok/15.bmp,257-ok-15
images/20210126/ok/29.bmp,258-ok-29
images/20210126/ok/28.bmp,259-ok-28
images/20210126/ok/14.bmp,260-ok-14
images/20210126/ok/101.bmp,261-ok-101
images/20210126/ok/16.bmp,262-ok-16
images/20210126/ok/17.bmp,263-ok-17
images/20210126/ok/102.bmp,264-ok-102
images/20210126/ng/26.bmp,265-ng-26
images/20210126/ng/32.bmp,266-ng-32
images/20210126/ng/33.bmp,267-ng-33
images/20210126/ng/27.bmp,268-ng-27
images/20210126/ng/19.bmp,269-ng-19
images/20210126/ng/31.bmp,270-ng-31
images/20210126/ng/25.bmp,271-ng-25
images/20210126/ng/24.bmp,272-ng-24
images/20210126/ng/30.bmp,273-ng-30
images/20210126/ng/18.bmp,274-ng-18
images/20210126/ng/34.bmp,275-ng-34
images/20210126/ng/20.bmp,276-ng-20
images/20210126/ng/21.bmp,277-ng-21
images/20210126/ng/35.bmp,278-ng-35
images/20210126/ng/23.bmp,279-ng-23
images/20210126/ng/37.bmp,280-ng-37
images/20210126/ng/36.bmp,281-ng-36
images/20210126/ng/22.bmp,282-ng-22
images/20210126/ng/45.bmp,283-ng-45
images/20210126/ng/51.bmp,284-ng-51
images/20210126/ng/3.bmp,285-ng-3
images/20210126/ng/50.bmp,286-ng-50
images/20210126/ng/2.bmp,287-ng-2
images/20210126/ng/44.bmp,288-ng-44
images/20210126/ng/52.bmp,289-ng-52
images/20210126/ng/46.bmp,290-ng-46
images/20210126/ng/47.bmp,291-ng-47
images/20210126/ng/1.bmp,292-ng-1
images/20210126/ng/53.bmp,293-ng-53
images/20210126/ng/57.bmp,294-ng-57
images/20210126/ng/5.bmp,295-ng-5
images/20210126/ng/43.bmp,296-ng-43
images/20210126/ng/42.bmp,297-ng-42
images/20210126/ng/56.bmp,298-ng-56
images/20210126/ng/4.bmp,299-ng-4
images/20210126/ng/40.bmp,300-ng-40
images/20210126/ng/6.bmp,301-ng-6
images/20210126/ng/54.bmp,302-ng-54
images/20210126/ng/7.bmp,303-ng-7
images/20210126/ng/55.bmp,304-ng-55
images/20210126/ng/41.bmp,305-ng-41
images/20210126/ng/58.bmp,306-ng-58
images/20210126/ng/64.bmp,307-ng-64
images/20210126/ng/65.bmp,308-ng-65
images/20210126/ng/59.bmp,309-ng-59
images/20210126/ng/9.bmp,310-ng-9
images/20210126/ng/8.bmp,311-ng-8
images/20210126/ng/62.bmp,312-ng-62
images/20210126/ng/63.bmp,313-ng-63
images/20210126/ng/61.bmp,314-ng-61
images/20210126/ng/49.bmp,315-ng-49
images/20210126/ng/48.bmp,316-ng-48
images/20210126/ng/60.bmp,317-ng-60
images/20210126/ng/13.bmp,318-ng-13
images/20210126/ng/12.bmp,319-ng-12
images/20210126/ng/38.bmp,320-ng-38
images/20210126/ng/10.bmp,321-ng-10
images/20210126/ng/11.bmp,322-ng-11
images/20210126/ng/39.bmp,323-ng-39
images/20210126/ng/15.bmp,324-ng-15
images/20210126/ng/29.bmp,325-ng-29
images/20210126/ng/28.bmp,326-ng-28
images/20210126/ng/14.bmp,327-ng-14
images/20210126/ng/16.bmp,328-ng-16
images/20210126/ng/17.bmp,329-ng-17
